Month,Total_Hours
9,523.8000000000004
10,528.4000000000007
11,565.9800000000005
12,936.0199999999991
